Date,Impressions,From Home,From Hashtags,From Explore,From Other,Saves,Comments,Shares,Likes,Profile Visits,Follows,Caption,Hashtags
15-09-2021,2523,1659,796,29,21,34,6,5,86,175,153,1. Rise and grind with Ckara Coffee ???,#CaffeineChuckle #RoastAndRejoice #BrewtifulBanter
22-09-2021,2327,1774,435,59,35,45,3,7,85,188,161,"2. Sip, sip, hooray! It's Ckara time! ????",#EspressoEuphoria #LatteLaughs #CaffeineClub
29-09-2021,2518,1704,255,279,37,96,5,6,123,170,147,3. A latte love for our amazing customers! ????,#SipAndShare #MorningsMadeBetter #CuppaComfort
06-10-2021,4344,2168,1274,673,40,119,7,8,162,195,173,4. Espresso yourself at Ckara Coffee! ???????,#CoffeeAndLaughs #PerkUpPals #MugMoments
13-10-2021,1941,1466,411,37,17,49,6,9,82,208,181,5. Caffeinate your day the Ckara way! ????,#BrewAndBanter #RoastAndRelax #CaffeineClan
20-10-2021,4239,1711,2429,36,50,109,2,7,178,190,167,"6. Life happens, coffee helps. Especially when it's from Ckara! ????",#SavorTheSips #BrewingHappiness #CoffeeCuddle
27-10-2021,3884,2046,1214,329,43,74,7,6,144,180,157,7. Start your day on a delicious note with Ckara Coffee! ????,#PerkAndPlay #LatteLaughs #MugMagic
03-11-2021,2064,1304,362,249,37,49,4,9,76,205,177,"8. Brewing up happiness, one cup at a time. Welcome to Ckara! ????",#BrewedBrilliance #SipAndSmirk #CoffeeClique
10-11-2021,3015,2034,771,115,41,52,11,10,92,218,187,9. Need a pick-me-up? Ckara's got you covered! ????,#MorningMusings #SipsAndGiggles #JavaJaunt
17-11-2021,3015,2034,771,115,41,52,11,11,92,225,193,10. Happiness is a cup of Ckara Coffee in hand. ????,#CupOfCheer #EspressoEnvy #SipAndGrin
24-11-2021,2407,1338,655,276,39,40,8,12,72,230,197,11. Coffee lovers unite! Join us at Ckara for your daily dose of joy! ????,#CoffeeChat #CaffeineComrades #BrewingBuddies
01-12-2021,4628,2406,1260,861,26,144,8,13,160,235,203,12. Tag someone who needs a Ckara Coffee right now! ???????,#MorningMerriment #CoffeeCamaraderie #SipAndSnicker
08-12-2021,2407,1338,655,276,39,40,8,9,72,215,187,13. Feeling brew-tiful today? Treat yourself to Ckara Coffee! ???????,#SipAndShare #MorningsMadeBetter #CuppaComfort
15-12-2021,4628,2406,1260,861,26,144,8,11,160,228,197,"14. When life gives you beans, make coffee! Preferably from Ckara. ????",#CoffeeAndLaughs #PerkUpPals #MugMoments
22-12-2021,3973,2415,745,676,18,72,3,12,91,240,207,15. Embrace the magic of mornings with Ckara Coffee! ???,#BrewAndBanter #RoastAndRelax #CaffeineClan
29-12-2021,2766,2541,116,51,9,40,10,14,114,245,211,16. Because every great day starts with great coffee. Visit Ckara today! ????,#SavorTheSips #BrewingHappiness #CoffeeCuddle
05-01-2022,4355,2879,139,1239,32,79,8,15,122,255,217,17. Ckara Coffee: where every cup tells a story. What's yours? ????,#PerkAndPlay #LatteLaughs #MugMagic
12-01-2022,2766,2541,116,51,9,40,10,16,114,235,203,18. Keep calm and drink Ckara Coffee. Your taste buds will thank you! ????,#BrewedBrilliance #SipAndSmirk #CoffeeClique
19-01-2022,3541,2071,628,500,60,135,4,17,124,248,213,19. It's never too latte to grab a cup of Ckara Coffee! ????,#MorningMusings #SipsAndGiggles #JavaJaunt
26-01-2022,2941,1716,1058,84,48,48,2,13,99,260,223,20. Feeling chilly? Warm up with a cup of Ckara's finest! ????,#CupOfCheer #EspressoEnvy #SipAndGrin
02-02-2022,4446,2454,1590,192,69,174,6,15,190,265,227,21. The perfect blend of comfort and flavor awaits you at Ckara Coffee! ????,#CoffeeChat #CaffeineComrades #BrewingBuddies
09-02-2022,3854,1975,1721,60,43,81,11,16,150,270,233,22. Let the aroma of freshly brewed coffee lead you to Ckara's doorstep! ????,#MorningMerriment #CoffeeCamaraderie #SipAndSnicker
16-02-2022,3988,2415,802,545,64,118,6,18,142,275,239,23. Your daily dose of happiness is just a sip away. Join us at Ckara! ????,#SipAndShare #MorningsMadeBetter #CuppaComfort
23-02-2022,3052,2608,201,121,87,63,5,19,129,280,241,24. Friends don't let friends drink bad coffee. Bring them to Ckara! ????,#MorningMagic #CuppaFun #BrewAndGiggle #CaffeineKick #SipAndSmile
02-03-2022,3990,2123,1482,332,36,98,4,20,156,260,227,25. Fall in love with coffee all over again at Ckara Coffee! ????,#SipAndSalsa #CaffeineCraze #MorningMagic
09-03-2022,3630,1747,1693,72,86,137,4,21,137,270,233,26. A cup of Ckara Coffee: the ultimate mood booster! ????,#MorningMingle #CoffeeCraze #BrewAndBlast #SipAndSalsa #CaffeineCraze
16-03-2022,3630,1747,1693,72,86,137,4,17,137,280,239,27. Happiness brewed fresh daily at Ckara Coffee! ????,#CuppaFun #BrewAndGiggle #CaffeineKick #MorningMingle #CoffeeCraze #BrewAndBlast 
23-03-2022,3052,2608,201,121,87,63,5,18,129,285,241,28. Because life's too short for mediocre coffee. Choose Ckara! ???,#CupOfCheer #EspressoEnvy #SipAndGrin
30-03-2022,3234,2414,476,185,75,122,8,19,151,290,247,29. Wake up and smell the coffee! It's Ckara o'clock! ???,#MorningMingle #CoffeeCraze #BrewAndBlast #SipAndSalsa #CaffeineCraze #MorningMagic
06-04-2022,4467,1910,1880,492,60,89,3,22,149,295,251,30. Make every moment count with a cup of Ckara's finest! ????,#CuppaFun #BrewAndGiggle #CaffeineKick #MorningMingle #CoffeeCraze 
13-04-2022,3246,2508,166,360,139,148,5,23,132,275,237,31. Ckara Coffee: Where every cup is a masterpiece. ????,#CoffeeChat #CaffeineComrades #BrewingBuddies
20-04-2022,4002,3401,278,128,73,111,17,24,205,280,239,"32. Your morning routine just got a whole lot better. Thank you, Ckara! ????",#MorningMerriment #CoffeeCamaraderie #SipAndSnicker
27-04-2022,3388,1975,1018,244,44,99,1,25,112,285,243,"33. From bean to cup, excellence is our guarantee. Welcome to Ckara! ????",#MorningMingle #CoffeeCraze #BrewAndBlast #SipAndSalsa #CaffeineCraze
04-05-2022,3480,1975,1019,245,72,104,1,20,114,295,251,34. Let's brew this! Start your day right with Ckara Coffee! ????,#MorningMagic #CuppaFun #BrewAndGiggle #CaffeineKick #SipAndSmile
11-05-2022,4002,3401,278,128,73,111,17,21,205,305,257,"35. Coffee is our love language, and Ckara is our poetry. ????",#BrewAndBond #EspressoEnvy #SipAndGrin #CoffeeChat
18-05-2022,5055,2017,2351,298,108,101,7,22,159,315,263,36. Because good days start with great coffee. Experience it at Ckara! ????,#CaffeineComrades #BrewingBuddies #MorningMerriment
25-05-2022,3606,2509,183,446,300,174,5,26,138,295,247,37. Keep calm and drink Ckara Coffee. Your taste buds will thank you! ????,#CoffeeCamaraderie #SipAndSnicker #CaffeineChuckle
01-06-2022,5055,2017,2351,298,108,101,7,27,159,300,251,38. Your daily dose of happiness is just a sip away. Join us at Ckara! ????,#RoastAndRejoice #BrewtifulBanter #CupOfChuckles
08-06-2022,2191,1308,809,45,18,35,2,28,72,305,257,39. Friends don't let friends drink bad coffee. Bring them to Ckara! ????,#EspressoEuphoria #LatteLaughs #CaffeineClub
15-06-2022,4082,2195,1248,541,36,135,11,29,175,315,263,40. Fall in love with coffee all over again at Ckara Coffee! ????,#SipAndShare #MorningsMadeBetter #CuppaComfort
22-06-2022,3924,2244,1278,326,34,139,11,23,151,325,269,41. A cup of Ckara Coffee: the ultimate mood booster! ????,#CoffeeAndLaughs #PerkUpPals #MugMoments
29-06-2022,4289,2746,869,589,24,111,8,24,150,330,271,42. Happiness brewed fresh daily at Ckara Coffee! ????,#BrewAndBanter #RoastAndRelax #CaffeineClan
06-07-2022,3786,2632,616,468,25,144,9,25,167,310,257,43. Because life's too short for mediocre coffee. Choose Ckara! ???,#SavorTheSips #BrewingHappiness #CoffeeCuddle
13-07-2022,4082,2195,1248,541,36,135,11,30,175,315,263,44. Wake up and smell the coffee! It's Ckara o'clock! ???,#PerkAndPlay #LatteLaughs #MugMagic
20-07-2022,3924,2244,1278,326,34,139,11,31,151,320,269,45. Make every moment count with a cup of Ckara's finest! ????,#BrewedBrilliance #SipAndSmirk #CoffeeClique
27-07-2022,3216,2524,212,201,223,121,5,32,142,330,271,46. Ckara Coffee: Where every cup is a masterpiece. ????,#MorningMusings #SipsAndGiggles #JavaJaunt
03-08-2022,7018,2569,4221,796,83,342,9,33,236,340,277,"47. Your morning routine just got a whole lot better. Thank you, Ckara! ????",#CupOfCheer #EspressoEnvy #SipAndGrin
10-08-2022,5538,2597,2376,412,63,149,6,26,178,345,281,"48. From bean to cup, excellence is our guarantee. Welcome to Ckara! ????",#CoffeeChat #CaffeineComrades #BrewingBuddies
17-08-2022,5731,1923,1368,2266,65,135,4,27,148,325,267,49. Let's brew this! Start your day right with Ckara Coffee! ????,#MorningMerriment #CoffeeCamaraderie #SipAndSnicker
24-08-2022,3169,1979,707,341,32,106,8,28,121,330,271,"50. Coffee is our love language, and Ckara is our poetry. ????",#CaffeineChuckle #RoastAndRejoice #BrewtifulBanter
31-08-2022,4998,2331,2195,318,75,167,4,34,180,335,277,51. Sip back and relax with Ckara Coffee. You deserve it! ????,#CupOfChuckles #EspressoEuphoria #LatteLaughs
07-09-2022,4298,3050,969,181,64,263,6,35,225,345,281,52. A sip of happiness awaits you at Ckara Coffee! ????,#CaffeineClub #SipAndShare #MorningsMadeBetter
14-09-2022,6339,2190,4036,48,27,171,8,36,248,355,283,53. Ckara Coffee: where every cup is a masterpiece. ?????,#CuppaComfort #CoffeeAndLaughs #PerkUpPals
21-09-2022,3169,1979,707,341,32,106,8,37,121,365,293,54. Good vibes start with great coffee. Get yours at Ckara! ????,#MugMoments #BrewAndBanter #RoastAndRelax
28-09-2022,4609,2032,911,857,532,94,3,29,168,345,277,55. Life's too short for bad coffee. That's why we're here! ????,#CaffeineClan #SavorTheSips #BrewingHappiness
05-10-2022,6432,2812,2974,468,72,250,11,30,212,350,281,"56. Ckara Coffee: Bringing people together, one cup at a time. ????",#CoffeeCuddle #PerkAndPlay #LatteLaughs
12-10-2022,6559,2225,4041,158,72,179,8,31,257,355,283,"57. Don't just drink coffee, experience it with Ckara! ????",#MugMagic #BrewedBrilliance #SipAndSmirk
19-10-2022,2957,1926,349,217,369,70,4,38,118,365,293,58. Your morning routine just got an upgrade. Welcome to Ckara! ????,#CoffeeClique #MorningMusings #SipsAndGiggles
26-10-2022,5563,3813,362,1135,76,149,5,39,163,375,297,"59. Coffee so good, it'll leave you craving for more. Only at Ckara! ????",#JavaJaunt #CupOfCheer #EspressoEnvy
02-11-2022,4528,2700,621,932,73,172,10,40,213,380,301,60. Treat yourself to a little piece of heaven at Ckara Coffee! ????,#SipAndGrin #CoffeeChat #CaffeineComrades
09-11-2022,4681,2252,1674,360,308,207,7,41,170,360,287,61. Happiness in every sip. That's the Ckara promise! ????,#BrewingBuddies #MorningMerriment #CoffeeCamaraderie
16-11-2022,4343,2278,1460,521,27,105,6,32,152,365,291,62. Join the Ckara community and indulge in the art of coffee! ????,#SipAndSnicker #CaffeineChuckle #RoastAndRejoice
23-11-2022,6814,2816,2769,900,128,469,8,33,249,370,297,63. Coffee lovers rejoice! Your haven awaits at Ckara Coffee! ????,#BrewtifulBanter #CupOfChuckles #EspressoEuphoria
30-11-2022,3818,2357,442,250,536,116,6,34,134,380,301,64. Because every day is a good day for coffee. Especially from Ckara! ????,#LatteLaughs #CaffeineClub #SipAndShare
07-12-2022,5273,2673,2003,433,114,318,9,42,250,390,307,65. Ckara Coffee: where passion meets perfection. ????,#MorningsMadeBetter #CuppaComfort #CoffeeAndLaughs
14-12-2022,2621,1543,599,333,25,22,5,43,76,395,311,66. Need a caffeine fix? Ckara's got you covered! ????,#PerkUpPals #MugMoments #BrewAndBanter
21-12-2022,4978,2125,2249,354,99,143,9,44,186,375,297,67. Step into Ckara Coffee and step into a world of flavor! ????,#RoastAndRelax #CaffeineClan #SavorTheSips
28-12-2022,5058,2125,2250,362,111,144,9,45,187,380,301,68. Your taste buds called. They want Ck,#BrewingHappiness #CoffeeCuddle #PerkAndPlay
04-01-2023,3525,1323,1699,182,292,33,5,35,96,385,307,"69, Your taste buds called. They want Ckara Coffee. ????",#LatteLaughs #MugMagic #BrewedBrilliance
11-01-2023,6348,2517,2660,737,154,188,4,36,194,395,311,"69. Inhale the aroma, indulge in the flavor. Ckara Coffee awaits! ????",#SipAndSmirk #CoffeeClique #MorningMusings
18-01-2023,2218,1597,411,162,15,28,6,37,81,405,317,70. Start your day right with a smile and a cup of Ckara Coffee! ????,#SipsAndGiggles #JavaJaunt #CupOfCheer
25-01-2023,2826,2108,583,76,34,67,3,46,114,410,321,71. Craving something sweet? Ckara's pastries pair perfectly with our coffee! ????,#EspressoEnvy #SipAndGrin #CoffeeChat
01-02-2023,2826,2108,583,76,34,67,3,47,114,390,307,72. Elevate your coffee game with Ckara's premium blends! ????,#CaffeineComrades #BrewingBuddies #MorningMerriment
08-02-2023,4115,2609,1104,178,46,122,6,48,191,395,311,"73. Coffee, pastries, and everything nice. That's the Ckara way! ????",#CoffeeCamaraderie #SipAndSnicker #CaffeineChuckle
15-02-2023,2998,1945,794,84,139,42,4,49,126,400,317,74. Make every moment memorable with Ckara Coffee by your side! ????,#RoastAndRejoice #BrewtifulBanter #CupOfChuckles
22-02-2023,2998,1945,794,84,139,42,4,38,126,410,321,75. Indulge in the finer things in life with Ckara Coffee! ????,#EspressoEuphoria #LatteLaughs #CaffeineClub
01-03-2023,3880,2207,1109,199,317,90,4,39,127,420,331,76. Treat yourself to a little luxury at Ckara Coffee! ????,#SipAndShare #MorningsMadeBetter #CuppaComfort
08-03-2023,4139,1133,1538,1367,33,36,7,40,92,425,337,77. Because you deserve nothing but the best. That's why there's Ckara! ???,#CoffeeAndLaughs #PerkUpPals #MugMoments
15-03-2023,3920,2586,1028,619,56,98,9,50,162,405,317,78. Spice up your day with a dash of Ckara Coffee! ?????,#BrewAndBanter #RoastAndRelax #CaffeineClan
22-03-2023,3749,2384,857,248,49,155,6,51,159,410,321,79. Happiness is... a warm cup of Ckara Coffee! ????,#SavorTheSips #BrewingHappiness #CoffeeCuddle
29-03-2023,3333,1502,1423,182,148,38,3,52,96,415,331,80. Ckara Coffee: the fuel for your everyday adventures! ????,#PerkAndPlay #LatteLaughs #MugMagic
05-04-2023,5409,2643,2006,1068,230,393,10,53,275,425,337,81. Step into our world of flavor and discover the magic of Ckara Coffee! ???,#BrewedBrilliance #SipAndSmirk #CoffeeClique
12-04-2023,7407,2782,1938,2237,226,288,5,41,263,435,341,82. Coffee and smiles served daily at Ckara! ????,#MorningMusings #SipsAndGiggles #JavaJaunt
19-04-2023,5072,1780,3090,69,76,42,7,42,115,445,347,83. Warm up your soul with a cup of Ckara's finest! ????,#CupOfCheer #EspressoEnvy #SipAndGrin
26-04-2023,7407,2782,1938,2237,226,288,5,43,263,425,331,84. Let the aroma of freshly brewed coffee guide you to Ckara! ????,#CoffeeChat #CaffeineComrades #BrewingBuddies
03-05-2023,11068,2099,2986,5634,122,214,7,54,250,430,337,85. Because life's too short to drink bad coffee. Choose Ckara! ????,#MorningMerriment #CoffeeCamaraderie #SipAndSnicker
10-05-2023,3623,1179,1527,157,655,34,3,55,95,435,341,86. Need a little pick-me-up? Ckara's got you covered! ????,#CaffeineChuckle #RoastAndRejoice #BrewtifulBanter
17-05-2023,10386,4137,3551,2355,205,668,8,56,328,445,347,87. Every cup tells a story at Ckara Coffee. What's yours? ????,#CupOfChuckles #EspressoEuphoria #LatteLaughs
24-05-2023,10386,4137,3551,2355,205,668,8,57,328,455,349,88. Craving a little indulgence? Ckara Coffee is here for you! ????,#CaffeineClub #SipAndShare #MorningsMadeBetter
31-05-2023,5323,2000,2053,988,74,152,6,44,192,460,353,89. Start your day the right way: with a cup of Ckara Coffee in hand! ????,#CuppaComfort #CoffeeAndLaughs #PerkUpPals
07-06-2023,3454,1663,1284,166,234,38,12,45,107,440,337,90. Dive into a world of flavor with Ckara Coffee! ????,#MugMoments #BrewAndBanter #RoastAndRelax
14-06-2023,4842,1658,694,2036,310,55,6,46,86,445,341,91. Let your taste buds dance with delight at Ckara Coffee! ????,#CaffeineClan #SavorTheSips #BrewingHappiness
21-06-2023,5394,2727,1838,1174,78,194,7,58,224,450,349,92. Experience coffee like never before at Ckara! ???,#CoffeeCuddle #PerkAndPlay #LatteLaughs
28-06-2023,3601,1570,1518,174,167,51,9,59,94,460,353,93. Need a reason to smile? Ckara Coffee has plenty! ????,#MugMagic #BrewedBrilliance #SipAndSmirk
05-07-2023,7571,3717,841,1716,1115,421,7,60,269,470,359,"94. Sip, savor, repeat. That's the Ckara way! ????",#CoffeeClique #MorningMusings #SipsAndGiggles
12-07-2023,5542,1782,3212,213,168,46,7,61,122,480,367,95. Unwind with a cup of Ckara's finest. You deserve it! ????,#JavaJaunt #CupOfCheer #EspressoEnvy
19-07-2023,6666,1977,4604,48,23,84,9,47,214,460,349,96. Ckara Coffee: where every cup is a masterpiece. ????,#SipAndGrin #CoffeeChat #CaffeineComrades
26-07-2023,11149,4439,747,5762,53,273,4,48,210,465,353,97. Happiness brewed fresh daily at Ckara Coffee! ????,#BrewingBuddies #MorningMerriment #CoffeeCamaraderie
02-08-2023,4021,2085,1188,0,533,41,11,49,131,470,359,98. Because life's too short for mediocre coffee. Choose Ckara! ???,#SipAndSnicker #CaffeineChuckle #RoastAndRejoice
09-08-2023,5394,2275,2975,45,65,61,19,62,147,480,367,99. Wake up and smell the coffee! It's Ckara o'clock! ???,#BrewtifulBanter #CupOfChuckles #EspressoEuphoria
16-08-2023,5394,2275,2975,45,65,61,19,63,147,490,373,100. Make every moment count with a cup of Ckara's finest! ????,#LatteLaughs #CaffeineClub #SipAndShare
23-08-2023,17713,2449,2141,12389,561,504,3,64,308,500,379,101. Ckara Coffee: Where every cup is a masterpiece. ????,#MorningsMadeBetter #CuppaComfort #CoffeeAndLaughs
30-08-2023,13700,5185,3041,5352,77,573,2,65,373,480,359,"102. Your morning routine just got a whole lot better. Thank you, Ckara! ????",#PerkUpPals #MugMoments #BrewAndBanter
06-09-2023,7231,1855,4156,703,309,73,8,50,171,485,367,"103. From bean to cup, excellence is our guarantee. Welcome to Ckara! ????",#RoastAndRelax #CaffeineClan #SavorTheSips
13-09-2023,4150,1807,1085,463,792,74,4,51,145,490,373,104. Let's brew this! Start your day right with Ckara Coffee! ????,#BrewingHappiness #CoffeeCuddle #PerkAndPlay
20-09-2023,6168,2177,3450,153,296,82,6,52,151,500,379,"105. Coffee is our love language, and Ckara is our poetry. ????",#LatteLaughs #MugMagic #BrewedBrilliance
27-09-2023,6168,2177,3450,153,296,82,6,66,151,510,383,106. Sip back and relax with Ckara Coffee. You deserve it! ????,#SipAndSmirk #CoffeeClique #MorningMusings
04-10-2023,6108,2679,2803,562,26,90,7,67,196,520,389,107. A sip of happiness awaits you at Ckara Coffee! ????,#SipsAndGiggles #JavaJaunt #CupOfCheer
11-10-2023,8001,2261,5055,300,172,83,8,68,203,500,371,108. Ckara Coffee: where every cup is a masterpiece. ?????,#EspressoEnvy #SipAndGrin #CoffeeChat
18-10-2023,7281,3065,1254,2081,748,167,7,69,195,505,379,109. Good vibes start with great coffee. Get yours at Ckara! ????,#CaffeineComrades #BrewingBuddies #MorningMerriment
25-10-2023,32695,11815,3147,17414,170,1095,2,53,549,510,383,110. Life's too short for bad coffee. That's why we're here! ????,#CoffeeCamaraderie #SipAndSnicker #CaffeineChuckle
01-11-2023,10493,2106,7761,248,238,99,9,54,244,520,389,"111. Ckara Coffee: Bringing people together, one cup at a time. ????",#RoastAndRejoice #BrewtifulBanter #CupOfChuckles
08-11-2023,9453,2525,5799,208,794,100,6,55,294,530,397,"112. Don't just drink coffee, experience it with Ckara! ????",#EspressoEuphoria #LatteLaughs #CaffeineClub
15-11-2023,10206,2371,1624,6000,117,182,10,70,172,540,401,113. Your morning routine just got an upgrade. Welcome to Ckara! ????,#SipAndShare #MorningsMadeBetter #CuppaComfort
22-11-2023,10667,3152,6564,617,187,219,13,71,297,520,383,"114. Coffee so good, it'll leave you craving for more. Only at Ckara! ????",#CoffeeAndLaughs #PerkUpPals #MugMoments
29-11-2023,16062,3144,11817,564,468,252,6,72,416,525,389,115. Treat yourself to a little piece of heaven at Ckara Coffee! ????,#BrewAndBanter #RoastAndRelax #CaffeineClan
06-12-2023,10933,3152,6610,623,334,225,13,73,301,530,397,116. Happiness in every sip. That's the Ckara promise! ????,#SavorTheSips #BrewingHappiness #CoffeeCuddle
13-12-2023,17396,1817,10008,5192,251,285,7,56,416,540,401,117. Join the Ckara community and indulge in the art of coffee! ????,#PerkAndPlay #LatteLaughs #MugMagic
20-12-2023,36919,13473,4176,16444,2547,653,5,57,443,550,409,118. Coffee lovers rejoice! Your haven awaits at Ckara Coffee! ????,#BrewedBrilliance #SipAndSmirk #CoffeeClique
27-12-2023,24928,22045,8510,13382,980,367,13,58,578,560,419,119. Because every day is a good day for coffee. Especially from Ckara! ????,#MorningMusings #SipsAndGiggles #JavaJaunt
03-01-2024,37174,30761,14027,26811,1054,481,21,74,398,540,403,120. Ckara Coffee: where passion meets perfection. ????,#CupOfCheer #EspressoEnvy #SipAndGrin
,,,,,,,,,,,,,
,,,,,,,,,,,,,
,,,,,,,,,,,,,
,,,,,,,,,,,These numbers avoid ending with 5's and 0's.,,
,,,,,,,,,,44625,35483,,
